series,tp,bn,cs,gs
ABOR,0,0,1,1
ACEL,0,0,1,1
ABSAROKEE,0,0,1,0
ABSHER,0,0,0,1
ACCOLA,0,0,1,0
ANCHO,0,0,0,1
ACOVE,0,0,1,0
ACQUANGO,0,0,0,1
ACREDALE,0,0,1,1
ALDER,0,0,1,1
ADAMSTOWN,0,0,1,1
ADDERTON,0,0,1,0
ADELPHIA,0,0,1,1
ADGER,0,0,0,1
AERIE,0,0,0,1
BANNERTOWN,0,0,0,1
BRIDGEWATER,0,0,1,1
AHRNKLIN,0,0,0,1
AILEY,0,0,1,1
BLACKBEAR,0,0,1,0
ALBANY,0,0,1,1
ALBERTON,0,0,0,1
HANNING,0,0,1,1
ALECANYON,0,0,1,1
ALEKNAGIK,0,0,0,1
ALEXANDER,0,0,1,0
ALIKCHI,0,0,0,1
ALLEGHENY,0,0,1,1
ALLENTINE,0,0,0,1
ALLOWAY,0,0,1,1
MATTAPEX,0,0,1,1
ALTAVISTA,0,0,1,1
MAXEY,0,0,0,1
ALZADA,0,0,1,1
AMALIA,0,0,1,0
AMBRANT,0,0,1,1
AMBROSECREEK,0,0,1,0
AMHERST,0,0,0,1
AMSTERDAM,0,0,1,1
ANACONDA,0,0,1,1
ANCENEY,0,0,0,1
ANCHOR BAY,0,0,1,1
ANGORA,0,0,0,1
ANIAK,0,0,0,1
ANNAPOLIS,0,0,0,1
ANNEMESSEX,0,0,1,1
ANNIS,0,0,0,1
ANTELOPEPEAK,0,0,1,1
ANTELOPERIDGE,0,0,0,1
ANTHON,0,0,0,1
ANTWERP,0,0,1,1
APPANOOSE,0,0,1,0
APPOMATTOX,0,0,0,1
APPOQUINIMINK,0,0,1,1
APTOS,0,0,1,0
AQUASCO,0,0,1,1
ARAHUSTAN,0,0,1,1
BLACKHOOF,0,0,0,1
ARAPAHOE,0,0,0,1
ARBOLADO,0,0,0,1
ARBOR,0,0,1,1
ARCETTE,0,0,1,0
ARGIROCKER,0,0,1,1
ARIEL,1,0,0,0
ARLEN,0,0,0,1
ARMELLS,0,0,0,1
ARMINGTON,0,0,0,1
ARMITAGE,0,0,0,1
ARROD,0,0,0,1
ARROWPEAK,0,0,1,0
ARSITE,0,0,1,1
ASCHOFF,0,0,1,1
ASHLO,0,0,1,0
ASHNOLA,0,0,1,0
ASKECKSY,0,0,0,1
ASSINNIBOINE,0,0,1,0
ATHENA,0,0,1,1
BARKOF,0,0,1,1
ATSION,0,0,0,1
BARNWELL,0,0,1,1
BEANCREEK,0,0,1,0
AUCHARD,0,0,1,0
BEARPAW,0,0,1,1
AUGUSTA,0,0,1,1
AURA,0,0,1,1
AUREOLA,0,0,1,1
BURRFOOT,0,0,0,1
AUTRYVILLE,0,0,1,1
CROOM,0,0,0,1
AVENT,0,0,1,0
AYERSVILLE,0,0,1,1
AXTELL,0,0,1,0
AZUVINA,0,0,1,1
BABB,0,0,1,0
CASVILLE,0,0,1,1
BANISTER,0,0,1,1
BABOON,0,0,1,0
BALLINGER,0,0,0,1
CUMBERSTONE,0,0,1,1
BAINVILLE,0,0,1,1
BALD,0,0,0,1
BALE,0,0,0,1
BALLONA,0,0,0,1
BALLOONTREE,0,0,0,1
BARANOF,0,0,0,1
BARBARELA,0,0,1,0
BARCLAY,0,0,0,1
BARCO,0,0,0,1
BARFUSS,0,0,1,0
BARGEVILLE,0,0,1,0
BARKERS CROSSROADS,0,0,1,1
BARNEYCREEK,0,0,1,1
BASCOM,0,0,0,1
BASCOVY,0,0,0,1
BEAUVAIS,0,0,0,1
BEAVOE,0,0,1,0
BATTLEAX,0,0,1,1
BEECH,0,0,1,1
BATTLEBUTTE,0,0,0,1
BATZA,0,0,1,1
BEARPAWMEADOW,0,0,1,1
BAVDARK,0,0,1,0
BAXENDALE,0,0,1,1
BAYBORO,0,0,0,1
BEACHCANYON,0,0,1,0
BELTSVILLE,0,0,1,1
BEARKNOB,0,0,1,1
BEAVERELL,0,0,1,0
BEAVERFLAT,0,0,1,1
BEAVERIDGE,0,0,1,0
BEAVROCK,0,0,1,0
BEAVWAN,0,0,1,0
BEECHCREEK,0,0,1,0
BEEHIVE,0,0,0,1
BEEK,0,0,0,1
BEENOM,0,0,1,0
BEIGLE,0,0,0,1
BELAIN,0,0,1,0
BELHAVEN,0,0,1,1
BELLE,0,0,1,0
BELLSPUR,0,0,0,1
BELLTOWER,0,0,1,1
HALLET,0,0,1,0
BELTON,0,0,0,1
BENDOH,0,0,1,0
BENTLEY,0,0,1,1
BENZ,0,0,1,1
BIGMOW,0,0,0,1
BERENICETON,0,0,0,1
BERNICE,0,0,0,1
BERRYLAND,0,0,0,1
CITIVAR,0,0,0,1
BERTAG,0,0,0,1
BERTIE,0,0,1,1
BESTPITCH,0,0,0,1
BETHESDA,0,0,1,1
BETTERAVIA,0,0,0,1
BEW,0,0,0,1
BICKERDYKE,0,0,1,1
BICKMORE,0,0,1,0
BIELENBERG,0,0,1,1
BIG TIMBER,0,0,1,1
BIGARM,0,0,1,0
BIGBEAR,0,0,1,1
BIGCOW,0,0,1,1
BIGDRAW,0,0,0,1
BIGELK,0,0,1,1
BIGLAKE,0,0,0,1
BIGSAG,0,0,1,1
BIGSHEEP,0,0,1,0
BIGTOP,0,0,1,0
BILLMAN,0,0,0,1
BILLYCANYON,0,0,1,0
BIRCHFIELD,0,0,0,1
BISCAILUZ,0,0,0,1
BISCOE,0,0,1,1
BLACKARN,0,0,1,1
BLACKDOG,0,0,0,1
BLACKGULCH,0,0,0,1
BLACKHAMMER,0,0,1,1
BLACKLEAF,0,0,1,0
BLACKLOUP,0,0,1,1
BLACKMORE,0,0,1,1
BLACKWATER,0,0,1,1
BLAND,0,0,0,1
BLACKWOOD,0,0,1,1
BLAINCREEK,0,0,1,0
BLAINE,0,0,1,0
BLANCHARD,0,0,1,1
BLANCHE,0,0,1,1
BLANDBURG,0,0,0,1
BLANEY,0,0,0,1
BLER,0,0,1,1
BLEWETT,0,0,0,1
BLOOMINGTON,0,0,1,0
CLYMER,0,0,1,1
BLOSSBERG,0,0,1,0
BLOWOUT,0,0,0,1
BLUERIM,0,0,0,1
BLUFFDALE,0,0,0,1
BLYTHE,0,0,0,1
BOATMAN,0,0,1,0
BOBKITTY,0,0,0,1
BOEL,0,0,0,1
BODELL,0,0,0,1
BODENBURG,0,0,0,1
BOHICA,0,0,0,1
BOJAC,0,0,1,1
BOLLETTO,0,0,1,1
BOLONY,0,0,1,1
BONDFARM,0,0,0,1
BONDRANCH,0,0,0,1
BONFRI,0,0,1,1
BONNEAU,0,0,1,1
BOULDER POINT,0,0,1,1
BOULOGNE,0,0,1,1
BOWDOIN,0,0,0,1
BOWMAN,0,0,0,1
BOXWELL,0,0,1,1
BRADSHAW,0,0,0,1
BRANHAM,0,0,1,0
BRAZIEL,0,0,1,0
BREETON,0,0,1,0
BREVCO,0,0,1,1
BRIDGEFORE,0,0,1,0
BRIDGER,0,0,1,0
BRIDGERTON,0,0,1,0
BRIGGSRANCH,0,0,1,0
BRINCKEN,0,0,0,1
BRISTON,0,0,1,1
BROADKILL,0,0,0,1
BROADUS,0,0,1,1
BROBACK,0,0,1,0
BROCKATONORTON,0,0,0,1
BROCKWAY,0,0,1,0
BRODIE,0,0,1,0
BRODYK,0,0,0,1
BRONTE,0,0,0,1
BUDDTOWN,0,0,1,1
BROWDER,0,0,1,1
BURROUGHS,0,0,1,1
ELISPRING,0,0,1,0
BRUNELDA,0,0,1,1
BRUSHFIRE,0,0,1,0
BRUSHTON,0,0,1,1
EMDENT,0,0,0,1
BUCKLEY,0,0,0,1
BUCKLOAF,0,0,1,0
BUELL,0,0,0,1
BUFFSTAT,0,0,1,1
BUGLEY,0,0,0,1
BULGAR,0,0,0,1
BULLCREEK,0,0,0,1
BULLFLAT,0,0,0,1
BULLNEL,0,0,0,1
BULLREY,0,0,1,0
BULLTOP,0,0,1,0
BURGERBUTTE,0,0,1,0
BURGI,0,0,0,1
BURGRAFF,0,0,0,1
BURNEL,0,0,1,1
KENAI,0,0,0,1
BURNT FORK,0,0,1,0
BUSH RIVER,0,0,1,0
BUSHONG,0,0,0,1
BUTLERTOWN,0,0,0,1
BUTTERS,0,0,1,1
BYCRACKY,0,0,0,1
CADENZA,0,0,1,1
CABELL,0,0,1,1
CABINCREEK,0,0,1,1
CALAWAH,0,0,0,1
CADOTTE,0,0,1,1
CALDWELL,0,0,1,1
CALERA,0,0,1,1
CALPET,0,0,1,0
CAMBERT,0,0,1,1
CAMBETH,0,0,1,1
CAMEO,0,0,1,0
CAMPSPASS,0,0,0,1
CANDOR,0,0,0,1
CANEZ,0,0,0,1
CANTHOOK,0,0,1,0
CANWALL,0,0,0,1
CAPE FEAR,0,0,0,1
CAPE LOOKOUT,0,0,0,1
CARAMON,0,0,1,1
CARBON,0,0,0,1
CARDOVA,0,0,0,1
CARFALL,0,0,1,1
CARMICHAEL,0,0,1,1
CHAMATE,0,0,1,1
CARROLLTON,0,0,1,0
CHEEBE,0,0,1,0
CARTEN,0,0,1,1
CASCADIA,0,0,1,1
CASEYCREEK,0,0,1,1
CASTLE,0,0,0,1
CATASKA,0,0,1,1
CATEACHE,0,0,1,1
CATHARPIN,0,0,0,1
CATLINSPRINGS,0,0,1,0
CHERRYHILL,0,0,0,1
CEDARCREEK,0,0,1,1
CEDARPASS,0,0,1,0
DAILEY,0,0,1,1
CENTENARY,0,0,1,1
CENTERFIELD,0,0,0,1
CENTINELA,0,0,0,1
CENTRALIA,0,0,1,1
CERES,0,0,0,1
CESTNIK,0,0,0,1
CETRACK,0,0,1,1
CHANTILLY,0,0,1,1
CHAPANOKE,0,0,1,1
CHARCOL,0,0,0,1
CHASTAIN,0,0,0,1
CHAVIES,0,0,1,1
CHEHALIS,0,0,0,1
CHENUIS,0,0,1,1
CHEREETE,0,0,1,0
CHESAPEAKE,0,0,1,1
CHESTNUT,0,0,1,1
CHETCO,0,0,1,0
CHEWACLA,0,0,1,0
CHICHAGOF,0,0,0,1
CHICKAMAN,0,0,0,1
CHICKENHILL,0,0,1,0
CHICONE,0,0,0,1
CHILLIGAN,0,0,0,1
CHILLUM,0,0,1,1
CHINATOWN,0,0,1,0
CHIPMAN,0,0,1,0
CHIPPY,0,0,1,0
CHISOLM,0,0,0,1
CHRISTIANA,0,0,0,1
CHRISTY,0,0,1,1
CHURCH,0,0,0,1
CITADEL,0,0,0,1
CLARENA,0,0,0,1
CLARENDON,0,0,0,1
CLARK FORK,0,0,1,0
CLARKSBURG,0,0,1,1
CLARKSTONE,0,0,0,1
CLEARCREEK,0,0,0,1
CLIFFORD,0,0,1,1
CLIFFTOP,0,0,1,1
COBEN,0,0,1,1
CLOVER,0,0,1,1
CORWITH,0,0,1,1
COALVALE,0,0,0,1
DANRIPPLE,0,0,1,1
COBBLANK,0,0,0,1
COBEY,0,0,1,1
COCOLALLA,0,0,1,1
COEROCK,0,0,0,1
COFFIN,0,0,1,0
COILS,1,0,0,0
COLAKE,0,0,1,0
COLEMANTOWN,0,0,0,1
COLESCREEK,0,0,0,1
DANSKIN,0,0,0,1
COLLINGTON,0,0,1,1
COLLINSTON,0,0,1,0
COLMOR,0,0,0,1
COLTS NECK,0,0,1,1
COMET,0,0,0,1
COMO,0,0,1,0
CONABY,0,0,0,1
CONETOE,0,0,1,0
COOERS,0,0,1,1
CONNAH,0,0,1,1
CONNET,0,0,0,1
CONPEAK,0,0,0,1
CONWAYCREEK,0,0,1,0
COOCREEK,0,0,1,1
COOKCREEK,0,0,1,1
COOLCAMP,0,0,1,1
CORA,0,0,1,1
COOSAW,0,0,1,1
COPENHAVER,0,0,1,0
CORBLY,0,0,0,1
CORDESTON,0,0,1,0
COROZAL,0,0,0,1
COSHOCTON,0,0,1,1
COSTILLA,0,0,1,0
COTAY,0,0,1,1
COXVILLE,0,0,1,1
COUGARROCK,0,0,1,1
COYOTEBLUFF,0,0,1,1
COUNTERFEIT,0,0,0,1
DEBONE,0,0,0,1
COVELLO,0,0,0,1
COVILLE,0,0,0,1
COWCAMP,0,0,1,1
COWEE,0,0,1,1
COWOOD,0,0,1,0
CREED,0,0,1,1
COYOTEFLATS,0,0,0,1
COZBERG,0,0,1,0
CRADDOCK,0,0,1,0
CRAGO,0,0,1,1
CRAWFORDVILLE,0,0,1,1
CREIGHTON,0,0,0,1
CRITTENDEN,0,0,1,0
CROSIADORE,0,0,1,1
CROSSNORE,0,0,1,1
CROSSWHITE,0,0,1,1
DECK,0,0,1,1
CROXELL,0,0,1,0
CRUICKSHANK,0,0,0,1
CRYDESTON,0,0,1,1
CUDDIGAN,0,0,1,0
CUEVOLAND,0,0,0,1
DEGRAND,0,0,1,1
CUJOB,0,0,0,1
DEPORT,0,0,0,1
CUNDICK,0,0,1,0
CUNIFF,0,0,1,1
CURANT,0,0,0,1
CUTSHIN,0,0,1,1
EREMIS,0,0,1,0
DALYS,0,0,1,0
DAMPE,0,0,1,0
DAN RIVER,0,0,0,1
DANAHER,0,0,0,1
DANKO,0,0,0,1
DANVERS,0,0,1,1
DAPPLEGRAY,0,0,0,1
DARBONNE,0,0,1,0
DARDRY,0,0,0,1
DARRET,0,0,1,0
DASHER,0,0,1,1
DAVIDELL,0,0,1,1
DAVIE,0,0,0,1
DAVISCREEK,0,0,0,1
DEACON,0,0,0,1
DEALE,0,0,1,1
FAIRVIEW,0,0,1,1
LOSTHORSE,0,0,1,0
DEGNER,0,0,0,1
DELETTE,0,0,1,1
DELEZENE,0,0,0,1
DELILA,0,0,1,1
DELOSS,0,0,0,1
MANLYWHAM,0,0,0,1
DELYNDIA,0,0,0,1
DEMAS,0,0,0,1
DEMONA,0,0,0,1
DENEKA,0,0,0,1
DENISON,0,0,0,1
DENNISVILLE,0,0,1,1
DENO,0,0,0,1
DEPTFORD,0,0,1,1
DESCOT,0,0,0,1
DEVOTION,0,0,1,1
DIANA MILLS,0,0,1,1
DINZER,0,0,0,1
DIGIT,0,0,1,0
FLETT,0,0,1,1
DIMYAW,0,0,0,1
DINUBA,0,0,1,0
DIRTYHEAD,0,0,1,0
DISAPPOINT,0,0,0,1
DITNEY,0,0,1,1
DIX,0,0,1,1
DOBY,0,0,0,1
DOCENA,1,0,1,1
DODON,0,0,1,1
FORBORD,0,0,1,1
DOGLAKE,0,0,0,1
DOGUE,0,0,1,1
DOLLARLAKE,0,0,0,1
DOLUS,0,0,1,1
DOMINIC,0,0,1,0
DONALD,0,0,1,0
DOOLITTLE,0,0,1,1
MEAUFUN,0,0,1,1
DORIAN,0,0,1,1
MEGONOT,0,0,1,1
DORMONT,0,0,1,1
GINI,0,0,1,1
DOUBLETOP,0,0,1,1
DOUGCLIFF,0,0,1,1
DOUGHTY,0,0,1,1
MEIKLE,1,0,1,1
DOWNER,0,0,1,1
DOWNEYGULCH,0,0,1,1
DRAGE,0,0,1,0
DRAGSTON,0,0,0,1
DRAPERMILL,0,0,1,1
GLASSBORO,0,0,1,1
DRYFORK,0,0,1,1
DRYGULCH,0,0,1,0
DRYPOK,0,0,1,0
DUBAY,0,0,0,1
DULUTH,0,0,0,1
DUCKCREEK,0,0,1,0
DUCKLAKE,0,0,1,1
DUCKTAIL,0,0,1,0
DUFUR,0,0,0,1
NARROWS,0,0,1,0
FRAILEY,0,0,0,1
DURREO,0,0,1,1
DURSTON,0,0,1,0
DUTCHDAN,0,0,1,0
DUTTON,0,0,0,1
DYCE,0,0,1,1
DYRENG,0,0,0,1
EAGLECREEK,0,0,0,1
EAGLENEST,0,0,1,0
EAGLETON,0,0,1,1
EASTHAMLET,0,0,0,1
EASTLAKESBASIN,0,0,0,1
ECHAW,0,0,1,0
EDDINGS,0,0,1,1
EDGAR,0,0,0,1
EDGWAY,0,0,1,0
EDIEBENCH,0,0,0,1
EDNEYVILLE,0,0,1,1
EINE,0,0,0,1
EKAH,0,0,1,1
EKUK,0,0,0,1
EKVIK,0,0,1,0
EKWOK,0,0,0,1
ELAM,0,0,1,0
ELD,0,0,1,1
ELDERON,0,0,0,1
ELKPEAK,0,0,1,0
ELKTON,0,0,1,1
ELLISTON,0,0,0,1
ELLOAM,0,0,1,1
ELMA,0,0,0,1
ELMIRA,0,0,1,0
ELSALADO,0,0,0,1
ELSINBORO,0,0,1,1
FRUITCREEK,0,0,0,1
EMYD,0,0,0,1
ENDLICH,0,0,1,0
ENERGY,0,0,0,1
ENOCHVILLE,0,0,1,1
ENOTT,0,0,0,1
ENTENTE,0,0,0,1
EPSIE,0,0,0,1
ERNEM,0,0,0,1
ERNEST,0,0,1,1
ERVIDE,0,0,1,1
ESKA,0,0,0,1
ESTELLE,0,0,0,1
ESTESLAKE,0,0,0,1
ETHRIDGE,0,0,1,1
ETTA,0,0,1,0
EULONIA,0,0,0,1
EVARD,0,0,1,1
EVARO,0,0,1,0
EVESBORO,0,0,1,1
EWAN,0,0,0,1
EYERBOW,0,0,0,1
FAIRBIRCH,0,0,1,0
FAIRFIELD,0,0,1,0
FAIRLESS,0,0,0,1
FAIRPOINT,0,0,1,1
FAIRSMITH,0,0,1,0
FAIRYSTONE,0,0,0,1
FALLSINGTON,0,0,1,1
FALSEBOTTOM,0,0,0,1
FARFELD,0,0,1,0
FARNUF,0,0,1,0
FARRAR,0,0,1,0
FARSIDE,0,0,0,1
FATTIG,0,0,0,1
FEDSCREEK,0,0,1,1
FEEDER,0,0,0,1
FELAN,0,0,1,1
FELDTMANN,0,0,0,1
GALLATIN,0,0,1,1
FENTON,0,0,1,0
FERD,0,0,0,1
FERNVIEW,0,0,0,1
FIFER,0,0,0,1
FIGARO,0,0,0,1
FIGGS,0,0,0,1
FILIORUM,0,0,1,1
FINGAL,0,0,0,1
FINNERTY,0,0,0,1
FIRADA,0,0,1,0
FIRTH,0,0,0,1
FIVEBEAVER,0,0,1,1
GAPPMAYER,0,0,0,1
FLAT HORN,0,0,0,1
FLATCREEK,0,0,0,1
FLATTOP,0,0,0,1
FLIMFLAM,0,0,1,1
FLOREY,0,0,1,0
FLOTT,0,0,1,1
FLOUNDER,0,0,0,1
FORDPRAIRIE,0,0,1,1
FORELEFT,0,0,1,1
FORELAND,0,0,0,1
FORGEN,0,0,1,0
FORMATION,0,0,0,1
FORSHEY,0,0,1,1
FORT MOTT,0,0,1,1
FORTLOGAN,0,0,1,0
FOSSILBUTTE,0,0,1,0
FOURMOUND,0,0,1,1
FRAZER,0,0,0,1
FREEMAN,0,0,0,1
FRENCHCREEK,0,0,1,0
FRISITE,0,0,0,1
FROGHEAVEN,0,0,1,1
FROLIC,0,0,0,1
FRUITA,0,0,1,0
FULLERTON,0,0,1,1
FUQUAY,0,0,1,1
GERDRUM,0,0,1,1
GALATA,0,0,0,1
GALBRETH,0,0,0,1
GALESTOWN,0,0,1,1
GALLOWAY,0,0,1,1
KYWAY,0,0,1,0
GAPO,0,0,0,1
GAVERS,0,0,1,1
GHOST,0,0,1,1
GAREY,0,0,0,1
GARLET,0,0,1,0
GARRETT,0,0,0,1
GATE,0,0,0,1
GATEWAY,0,0,1,0
GAUDINEER,0,0,1,1
GEERTSEN,0,0,0,1
GERBANA,0,0,1,1
GERBER,0,0,1,1
GERMANIA,0,0,0,1
GEROW,0,0,0,1
GERTIE,0,0,1,1
GIBBS,0,0,1,1
GILISPIE,0,0,1,1
GILLETT GROVE,0,0,1,1
GILLUM,0,0,0,1
GILMORE,0,0,0,1
GILPIN,0,0,1,1
GILT EDGE,0,0,0,1
GIRD,0,0,1,1
GLACIERISLAND,0,0,1,1
GLANN,0,0,1,0
GLENTON,0,0,0,1
GOESSEL,0,0,1,1
GOBLINTOWN,0,0,0,1
GOLDCORD,0,0,0,1
GOLDENLAKES,0,0,1,1
GOLDLAKE,0,0,0,1
GOLDMIRE,0,0,0,1
GOLDSBORO,0,0,0,1
GOODVIEW,0,0,0,1
GORING,0,0,0,1
GOULDING,0,0,0,1
MANNIXLEE,0,0,1,0
GRANDMOUND,0,0,0,1
MANOR,0,0,1,1
GRASSLAND,0,0,0,1
GRASSVALLEY,0,0,0,1
GRASSYHOLLOW,0,0,1,0
GREEN CANYON,0,0,0,1
GREENDALE,0,0,1,1
GREENOUGH,0,0,0,1
GREENPETER,0,0,0,1
GREENWICH,0,0,1,1
GREGSON,0,0,1,0
GREWINGK,0,0,1,0
GREYBEAR,0,0,1,1
GREYCLIFF,0,0,0,1
GRIST MILL,0,0,1,1
GROMMET,0,0,1,0
GROSSTOWN,0,0,1,1
GROVECREEK,0,0,1,0
GRUBBS,0,0,0,1
GUNSTON,0,0,1,1
GUALALA,1,0,1,1
GUFFEY,0,0,1,0
GUILDER,0,0,0,1
GULLROCK,0,0,0,1
GUNSONE,0,0,1,0
GUYANDOTTE,0,0,1,0
HACKERS,0,0,1,1
HACKNEY,0,0,1,1
HAFLING,0,0,1,0
HAFMAU,0,0,1,0
HAGSTADT,0,0,0,1
HALIFAX,0,0,1,1
HAIGLER,0,0,1,1
HALLENTON,0,0,0,1
HAMBROOK,0,0,1,1
HAMMONTON,0,0,0,1
HANAKER,0,0,0,1
HANDSHOE,0,0,1,1
HANSON,0,0,1,0
HARKERS,0,0,0,1
HARLAKE,0,0,1,0
HARLEM,0,0,0,1
HARSTINE,0,0,1,1
HARTBENCH,0,0,1,0
HARTLETON,0,0,1,1
HATCH,0,0,0,1
HATTONTOWN,0,0,1,1
HATU,1,0,0,0
HAUGAN,0,0,1,1
HAW RIVER,0,0,0,1
HEADWATERS,0,0,1,1
HAZELAIR,0,0,1,0
HEDOES,0,0,1,0
HEDOX,0,0,0,1
HEDSTROM,0,0,0,1
HEISKELL,0,0,1,1
HELENA,0,0,1,1
HELMVILLE,0,0,1,0
HENDON,0,0,0,1
HENDRICKS,0,0,1,0
HENHOIT,0,0,0,1
HENLOPEN,0,0,1,1
HOODLE,0,0,1,0
HENNEBERRY,0,0,1,0
HERDCAMP,0,0,0,1
HERRING CREEK,0,0,0,1
HESPER,0,0,0,1
HEWOLF,0,0,1,1
HIBRITEN,0,0,1,1
HICKORYKNOB,0,0,1,1
HIDEAWAY,0,0,1,0
HIGHAMS,0,0,0,1
HILGER,0,0,1,1
HILINE,0,0,0,1
HILLERY,0,0,0,1
HILLON,0,0,1,1
HINGHAM,0,0,0,1
HINTERLAND,0,0,0,1
HOLDERMAN,0,0,1,1
HIVAL,0,0,1,0
HODGE,0,0,0,1
HOEHNE,0,0,1,0
HOGHEAVEN,0,0,0,1
HOGHOLE,0,0,1,1
HOGSBY,0,0,1,1
HOLLANDLAKE,0,0,0,1
HOLMDEL,0,0,1,1
HOLTER,0,0,1,0
HOMESTEAD,0,0,0,1
HONDU,0,0,1,0
HONGA,0,0,1,1
HOOKSAN,0,0,1,1
HOOLIGAN,0,0,0,1
HOOSAN,0,0,1,0
HOPLEY,0,0,0,1
HORSEGRASS,0,0,1,0
HOSKIN,0,0,0,1
HUMMINGTON,0,0,1,1
HOULIHAN,0,0,1,0
HOYT,0,0,1,1
HUENEME,0,0,0,1
HUFFINE,0,0,0,1
HUGHESVILLE,0,0,0,1
HULUA,0,0,0,1
HUMAREL,0,0,1,0
HUMESTON,0,0,1,0
HURLOCK,0,0,0,1
HUSS,0,0,1,1
HUTTULA,0,0,0,1
HYALITE,0,0,1,1
HYDE,0,0,0,1
HYSHAM,0,0,0,1
IAO,0,0,0,1
ICECAP,0,0,1,1
IDANHA,0,0,1,1
IDMONTON,0,0,0,1
IGOR,0,0,1,0
IKIT,0,0,0,1
INARAJAN,0,0,0,1
INARI,0,0,0,1
INDIAHOMA,0,0,0,1
INDIAN RIVER,0,0,0,1
INGLESIDE,0,0,1,1
INGLEDOVE,0,0,0,1
INGRAHAM,0,0,0,1
INKLER,0,0,1,0
IRELAND,0,0,1,1
INMACHUK,0,0,0,1
INTERIOR,0,0,1,0
IOWITHLA,0,0,0,1
IPSUT,0,0,0,1
IROCK,0,0,0,1
IRVINE,0,0,0,1
IRWIN,0,0,0,1
ISSUE,0,0,1,1
ISBELL,0,0,0,1
ISMAY,0,0,0,1
ITMANN,0,0,1,1
ITZEE,0,0,1,0
JOCKO,0,0,1,1
IVANELL,0,0,1,1
JOHNS,0,0,0,1
KINESAVA,0,0,0,1
JADE RUN,0,0,1,1
JANELEW,0,0,1,1
JARITA,0,0,0,1
JAYEM,0,0,0,1
JESBEL,1,0,1,1
JIM,0,0,0,1
JIMBO,0,0,1,1
JIMMERFIELD,0,0,1,0
JOEGALE,0,0,1,0
JOHNSON,0,0,1,0
JOHNSTON,0,0,0,1
JOICE,0,0,0,1
JONAH,0,0,1,0
JOSBURG,0,0,1,0
JUDCO,0,0,1,0
JUDELL,0,0,1,1
JUDITH,0,0,1,0
JUEL,0,0,1,0
JULIN,0,0,0,1
KAINA,0,0,1,0
KALAMBACH,0,0,0,1
KALLIS,0,0,1,0
KALMIA,0,0,0,1
KANAWHA,0,0,1,1
KANDIK,0,0,0,1
KARNAK,0,0,1,0
KASHWITNA,0,0,0,1
KATAKA,0,0,0,1
KATKITOS,0,0,1,0
KATPA,0,0,0,1
KAUTZ,0,0,1,1
KEBA,0,0,0,1
KAYMINE,0,0,1,1
KECHUMSTUK,0,0,0,1
KEENE,0,0,1,1
KEISER,0,0,0,1
KEITH,0,0,1,0
KELSTRUP,0,0,1,1
KEMUK,0,0,0,1
KENILWORTH,0,0,1,1
KENTUCK,0,0,0,1
KERL,0,0,1,0
KERRDAM,0,0,1,1
KIBIN,0,0,0,1
KIBLER,0,0,0,1
KIDNAPSPRING,0,0,1,1
KIEV,0,0,1,0
KILARC,0,0,0,1
KILFOIL,0,0,0,1
KILLEY,0,0,0,1
KIMPTON,0,0,1,0
KINDT,0,0,1,0
KINGSPOINT,0,0,0,1
KINGSTOWNE,0,0,1,1
KINKEAD,0,0,0,1
KINNEAR,0,0,1,0
KINNEY,0,0,1,1
KINSTON,0,0,0,1
LEIPSIC,0,0,1,1
KINZEL,0,0,0,1
KIOKLUK,0,0,0,1
KIRBY,0,0,0,1
KISMETPEAK,0,0,1,0
KISRING,0,0,0,1
KITTREDGE,0,0,1,0
KIWANIS,0,0,0,1
KLAYENT,0,0,1,0
KLEINSCHMIDT,0,0,0,1
KLEJ,0,0,1,1
KLICKSON,0,0,0,1
KLISKON,0,0,0,1
KLUTUK,0,0,0,1
KNEELAND,0,0,1,0
KNIK,0,0,0,1
KNULL,0,0,0,1
KOBASE,0,0,1,1
KOKWOK,0,0,0,1
KOYOKEE,0,0,0,1
KRESSON,0,0,1,1
KUPREANOF,0,0,0,1
KUSKOKWIM,0,0,0,1
LA POSTA,0,0,0,1
LABU,0,0,0,1
LENNI,0,0,1,1
LACEYCREEK,0,0,1,1
LACKSTOWN,0,0,1,1
LADNER,0,0,0,1
LADO,0,0,1,0
LAGALL,0,0,1,0
LAHOOD,0,0,1,1
LAKEHELEN,0,0,1,0
LAKEHURST,0,0,0,1
LAKEWOOD,0,0,0,1
LAMBETH,0,0,1,1
LAMBMAN,0,0,0,1
LAMULITA,0,0,1,0
LANCE,0,0,1,1
LANDLOW,0,0,0,1
LANDMAN,0,0,0,1
LANDUSKY,0,0,1,1
LANEY,0,0,0,1
LANIGER,0,0,0,1
LANKIN,0,0,0,1
LATHAM,0,0,1,1
LANTERN,0,0,0,1
LAYLAND,0,0,1,1
LAP,0,0,1,0
LAPLATTA,0,0,0,1
LARIM,0,0,1,1
LARKIN,0,0,1,1
LARWOOD,0,0,1,0
LAS FLORES,0,0,0,1
LAS LUCAS,0,0,0,1
LATAH,0,0,1,1
LATIWI,0,0,0,1
LAUGHINGWATER,0,0,0,1
LAUREL,0,0,0,1
LAVELDO,0,0,1,1
LAVINA,0,0,0,1
LAWARD,0,0,0,1
LAYTON,0,0,0,1
LEAVITTVILLE,0,0,1,0
LEBEC,0,0,0,1
LEEPER,0,0,1,0
LEMONCREEK,0,0,1,1
LEN,0,0,0,1
LENAPE,0,0,0,1
LENNEP,0,0,0,1
LEONARDTOWN,0,0,1,1
LEPNER,0,0,1,0
LEVENGOOD,0,0,1,0
LEVY,0,0,0,1
LIART,0,0,0,1
LIBEG,0,0,1,0
LICK,0,0,1,0
LIHEN,0,0,1,1
LIHILL,0,0,1,0
LILSHEEP,0,0,1,0
LINDSIDE,0,0,1,1
LINNET,0,0,1,1
LINWELL,0,0,1,1
LIPKE,0,0,1,1
LISK,0,0,1,1
LITAG,0,0,0,1
LITTLE HORN,0,0,1,1
LITTLEJOE,0,0,0,1
LITTLESAGE,0,0,1,0
LITTLETABLE,0,0,1,0
LITTLETAHOMA,0,0,1,1
LIVERPOOL,0,0,1,1
LIZA,0,0,0,1
LIZARD,0,0,1,0
LOBERG,0,0,1,0
LODI,0,0,1,0
LOLO,0,0,1,0
LOLON,0,0,1,1
LOLOPEAK,0,0,1,0
LONEPINE,0,0,1,1
LONGBOW,0,0,1,1
LONGMIRE,0,0,1,1
LONNA,0,0,1,1
LONNIEBEE,0,0,1,0
LORHUNT,0,0,0,1
LOSTRIVER,0,0,1,1
LOUSCOT,0,0,0,1
MONMOUTH,0,0,1,1
LOWLAND,0,0,1,1
LOZEAU,0,0,1,0
LUBRECHT,0,0,1,1
LUCILE,0,0,0,1
LUCKNOW,0,0,1,1
LUCKYBOY,0,0,1,1
LUMBEE,0,0,0,1
LUND,0,0,1,0
LYNCHBURG,0,0,1,1
LYONSBRIDGE,0,0,1,0
MACABRE,0,0,0,1
MOUNTAINBURG,0,0,0,1
MACHIAS,0,0,1,1
MACLAREN,0,0,0,1
MOUZON,0,0,0,1
MAGGODEE,0,0,0,1
MAGINNIS,0,0,0,1
MAHOGANY,0,0,1,0
MAIDEN,0,0,1,0
MAITLAND,0,0,0,1
MANAHAWKIN,0,0,0,1
MANDALE,0,0,0,1
MANDARIN,0,0,1,1
MANDY,0,0,1,1
MANHATTAN,0,0,0,1
MANN,0,0,0,1
MANNINGTON,0,0,0,1
MANOKIN,0,0,1,1
MANSKER,0,0,1,1
MANSON,0,0,1,0
MANTOLOKING,0,0,0,1
MANTON,1,0,1,1
MANZANAR,0,0,1,0
MAPLE MOUNTAIN,0,0,0,1
MARCETTA,0,0,1,1
MARCOTT,0,0,0,1
MARIAS,0,0,1,1
MARIEL,0,0,1,1
MARKLEPASS,0,0,0,1
MARSHYHOPE,0,0,1,1
MARLTON,0,0,1,1
MARROWBONE,0,0,1,1
MARSING,0,0,0,1
MARTAB,0,0,0,1
MARTEN,0,0,0,1
MARTINECK,0,0,0,1
MARTINSDALE,0,0,1,0
MARVAN,0,0,1,1
MARVELL,0,0,0,1
MASCHETAH,0,0,1,0
MATAPEAKE,0,0,1,1
MATEWAN,0,0,1,1
MATTAN,0,0,1,1
MATTAPONI,0,0,0,1
MAUCROS,0,0,1,1
MAULE,0,0,1,1
MAURICE,0,0,1,0
MAWSPRING,0,0,1,0
MAXVILLE,0,0,1,1
MAYBEE,0,0,0,1
MAYFIELD,0,0,0,1
MAYMEAD,0,0,1,1
MAYTOWN,0,0,1,1
MCBAIN,0,0,1,0
MCCALLA,0,0,1,0
MCCALPINEMEADOW,0,0,0,1
MCCAMMON,0,0,0,1
MCCASH,0,0,0,1
MCCOLLUM,0,0,1,0
MCCURDY,0,0,1,0
MCGAFFEY,0,0,0,1
MCGINTY,0,0,1,0
MCNAMEE,0,0,1,0
MCWILLAR,0,0,1,0
MEADOWFIELD,0,0,1,1
MEADOWS,0,0,0,1
MEAGHER,0,0,1,0
MEANY,0,0,0,1
MEDOC,0,0,0,1
MEGGETT,0,0,1,1
MELDRIM,0,0,1,1
MELLOE,0,0,0,1
MELOCHE,0,0,0,1
MELVILLE,0,0,1,0
MENAGERIE,0,0,1,1
MENDNA,0,0,0,1
MERCED,0,0,0,1
MERRILL,0,0,0,1
MIDNOT,0,0,1,0
MICHELSON,0,0,1,0
MIDNIGHT,0,0,0,1
MILLBORO,0,0,0,1
MILLPOCKET,0,0,0,1
MILLPOINT,0,0,1,0
MILLRACE,0,0,0,1
MIMMS,0,0,1,1
MINCHUMINA,0,0,1,0
MINDEGO,0,0,1,1
MINNIEPEAK,0,0,0,1
MISPILLION,0,0,1,1
MISHAKAL,0,0,1,0
MODESTO,0,0,1,0
MODESTY,0,0,0,1
MOKIAK,0,0,0,1
MOLLET,0,0,1,0
MONAD,0,0,1,0
MONBUTTE,0,0,1,0
MONCURE,0,0,1,1
MONDEY,0,0,0,1
MONONGAHELA,0,0,1,0
MONTALTO,0,0,0,1
MONTEVALLO,0,0,1,1
MOWBRAY,0,0,1,1
MONTLID,0,0,0,1
MONTOSO,0,0,0,1
MONTOUR,0,0,0,1
MOOLACK,0,0,1,0
MOOSERIDGE,0,0,0,1
MOREHEAD,0,0,1,1
MORET,0,0,0,1
NARCISSE,0,0,1,1
MORGALA,0,0,0,1
MORRISTOWN,0,0,1,1
NARRAGUINNEP,0,0,1,0
MOSHANNON,0,0,1,1
NARROWRIDGE,0,0,1,0
MOUNTAIN PARK,0,0,1,1
MOUNTIRELAND,0,0,0,1
MOUNTWOW,0,0,0,1
MOWER,0,0,0,1
MOYERS,1,0,0,1
MT. OLIVE,0,0,1,1
MUD SPRINGS,0,0,0,1
MUDDUCK,0,0,1,0
MUDIE,0,0,0,1
MUIRKIRK,0,0,0,1
MUNDEN,0,0,0,1
MUKLUNG,0,0,0,1
MUTTONTOWN,0,0,1,1
MULLERS,0,0,0,1
MULLICA,0,0,0,1
MUNK,0,0,0,1
MUNTERVILLE,0,0,0,1
MUSSEL,0,0,1,0
MYSTICLAKE,0,0,1,1
NAFF,0,0,1,1
NAKARNA,0,0,1,0
NALLEN,0,0,1,1
NANCY,0,0,0,1
NANSEMOND,0,0,0,1
NANTICOKE,0,0,0,1
NARADA,0,0,0,1
NASSAWANGO,0,0,1,1
NATHALIE,0,0,1,1
NATHERMAN,0,0,1,0
NAWNEY,0,0,0,1
NEHAR,0,0,0,1
NELDORE,0,0,1,1
NEMAH,0,0,1,1
NEVARC,0,0,1,1
NEW CAMBRIA,0,0,0,1
NIXONTON,0,0,0,1
NEWLANCREEK,0,0,1,0
NIART,0,0,1,0
NICKIN,0,0,0,1
NICKOLNA,0,0,0,1
NIKLASON,0,0,0,1
NIKLAVAR,0,0,0,1
NILDA,0,0,1,0
NILER,0,0,0,1
NIMMO,0,0,0,1
NINEPIPE,0,0,1,0
NORCAN,0,0,0,1
NIRLING,0,0,1,0
NISHON,0,0,0,1
NISSLER,0,0,1,0
NORLO,0,0,0,1
NIVEAN,0,0,1,1
NOBE,0,0,0,1
NOBOCO,0,0,0,1
NOOKSACK,0,0,0,1
NOPEMOUNTAIN,0,0,1,0
NORBERT,0,0,1,1
NORDIC,0,0,1,1
NORDNESS,0,0,0,1
NORFOLK,0,0,1,1
NORMAUK,0,0,1,1
NOVARY,0,0,0,1
NOYO,0,0,0,1
NULEY,0,0,1,1
NUNACHUAK,0,0,0,1
NUNEMAKER,0,0,1,1
NUSHAGAK,0,0,0,1
NUTALL,0,0,1,0
NUTMEG,0,0,1,0
OAK LEVEL,0,0,1,1
OASIS,0,0,1,0
OBRAST,0,0,0,1
OBRIEN,0,0,1,1
OBURN,0,0,1,1
OCEANAIRE,0,0,0,1
ODARK,0,0,0,1
OLANTA,1,0,0,1
OHANAPECOSH,0,0,0,1
OKEETEE,0,0,0,1
OKIOTA,0,0,0,1
OLALLIE,0,0,0,1
OLIVENHAIN,0,0,0,1
OLUSTEE,0,0,1,1
ONAWET,0,0,0,1
ONEONTA,0,0,1,1
ONOVILLE,0,0,1,1
OPECHEKAHTA,0,0,0,1
OPEQUON,0,0,1,1
OPOLIS,0,0,0,1
ORANGE,0,0,1,1
OVANDO,0,0,1,1
ORGTER,0,0,0,1
ORINOCO,0,0,1,1
ORLAND,0,0,1,0
ORO FINO,0,0,1,0
OUTLET,0,0,0,1
OTHELLO,0,0,1,1
OUSELFAL,0,0,0,1
OVERFELT,0,0,0,1
OVERLANDTRAIL,0,0,1,0
OVINGTON,0,0,0,1
OWENFORT,0,0,1,0
OWLRIDGE,0,0,1,1
OWYHIGH,0,0,1,1
PACHAPPA,0,0,1,0
PACHEL,0,0,1,1
PACKSADDLE,1,0,0,0
PACTOLUS,0,0,1,1
PADDY,0,0,1,1
PANDOAH,0,0,0,1
PAICE,0,0,0,1
PALMVIEW,0,0,1,0
PANAMAKER,0,0,0,1
PATIT CREEK,0,0,1,1
PARKFIELD,0,0,0,1
PARKINSON,0,0,1,1
PARLEYS,0,0,1,0
PARRISH,0,0,0,1
PASQUOTANK,0,0,0,1
PASSAR,0,0,0,1
PASTURE POINT,0,0,0,1
PATAPSCO,0,0,0,1
PATIO,0,0,0,1
PATOUZA,0,0,1,1
PATTENBUTTE,0,0,1,0
PAVANT,0,0,0,1
PAVILLION,0,0,0,1
PAX,0,0,0,1
PAXVILLE,0,0,1,1
PEABODY,0,0,1,1
PEAKIN,0,0,1,0
PEAVINER,0,0,1,1
PEDRICK,0,0,1,1
PEDRICKTOWN,0,0,0,1
PEERLESS,0,0,0,1
PELION,0,0,0,1
PELLERNARQUQ,0,0,0,1
PEMBERTON,0,0,1,1
PENASCO,0,0,0,1
PENDROY,0,0,1,1
PENHOOK,0,0,0,1
PENSORE,0,0,0,1
PEOH,0,0,0,1
PERMA,0,0,1,0
PERQUIMANS,0,0,0,1
PESOWYO,0,0,0,1
PETA,0,0,1,0
PETTIGREW,0,0,0,1
PETTY,0,0,1,0
PETZEL,0,0,1,1
PFAFFTOWN,0,0,1,1
PHALANX,0,0,1,1
PHILIPSBURG,0,0,1,0
PHILLIPS,0,0,1,1
PICAYUNE,0,0,0,1
PICCOWAXEN,0,0,1,1
PICEANCE,0,0,0,1
PICKNEY,0,0,1,1
PIERKING,0,0,1,0
PIERRE,0,0,0,1
PIERVIEW,0,0,1,0
PINEYNECK,0,0,1,1
PIUTESPRING,0,0,1,0
POLLASKY,0,0,1,1
PINEAL,0,0,0,1
PINEBREAKS,0,0,0,1
PINEGUEST,0,0,0,1
PINEHILL,0,0,1,1
PINEOLA,0,0,1,1
PINICON,1,0,0,1
PINKEL,0,0,0,1
PINKSTON,0,0,0,1
PINOKA,0,0,1,1
PINTLAR,0,0,1,1
PIPEROCK,0,0,1,1
PIPESTEM,0,0,0,1
PIPPOD,0,0,0,1
PIRKEY,0,0,0,1
PLACENTIA,0,0,0,1
PLACK,0,0,0,1
PLEASANT GROVE,0,0,0,1
PLUMMER,0,0,1,1
POCATY,0,0,0,1
POIN,0,0,1,0
ADIT,0,0,0,1
PONIL,0,0,0,1
PORONTO,0,0,1,0
PORTSMOUTH,0,0,0,1
SHADYOAK,0,0,1,1
POST,0,0,0,1
POTOBAC,0,0,1,1
POTTSBURG,0,0,1,1
ANAMAC,0,0,1,0
POZEGA,0,0,0,1
PREGO,0,0,1,1
PRESTO,0,0,0,1
PREWITT,0,0,1,1
PRITCHETT,0,0,0,1
PROSPECT,0,0,0,1
PROSPERITY,0,0,1,0
PSUNI,0,0,0,1
PSUYAAH,0,0,0,1
RAMCREEK,0,0,0,1
PUCKUM,0,0,1,1
PULS,0,0,0,1
PUNGO,0,0,1,1
PURPLE,0,0,0,1
PYRAMID,0,0,0,1
PYWELL,0,0,1,0
QENI,0,0,0,1
QUAGLE,0,0,1,1
QUAKENASP,0,0,1,0
QUAKERBRIDGE,0,0,1,1
QUEPONCO,0,0,1,1
QUINDOCQUA,0,0,1,1
QUIGG,0,0,1,1
QUIGLEY,0,0,1,0
QUIHI,0,0,1,0
QUIRT,0,0,1,0
RAHWORTH,0,0,1,1
RAINS,0,0,0,1
RALORE,0,0,1,1
RALSTONFLATS,0,0,1,0
RAPELJE,0,0,0,1
RAPIDCREEK,0,0,0,1
RASALO,0,0,1,0
RAWAH,0,0,0,1
RAYNE,0,0,1,1
REAGAN,0,0,0,1
RED POINT,0,0,1,0
REYBOLD,0,0,0,1
REDCHIEF,0,0,1,0
REDFIST,0,0,1,1
SWENCAN,0,0,1,1
REDSAGE,0,0,1,0
REEDPOINT,0,0,1,0
RELYEA,0,0,1,1
REMBERT,0,0,0,1
REMOUNT,0,0,1,1
RENCOT,0,0,1,0
RENNIE,0,0,1,1
RENOL,0,0,0,1
REPP,0,0,1,0
RIFLEPIT,0,0,1,1
RETTIG,0,0,1,0
REVAIS,0,0,0,1
REYCREEK,0,0,0,1
RHODHISS,0,0,1,1
RICHEY,0,0,1,1
RICHVILLE,0,0,0,1
RIDGELAND,0,0,1,1
RIGDON,0,0,1,1
RIGLEY,0,0,1,1
ROCKO,0,0,1,0
RING,0,0,0,1
RINGGOLD,0,0,1,0
RINQUIN,0,0,1,1
RIOMAR,0,0,0,1
RITTEL,0,0,1,1
ROACHGULCH,0,0,1,0
ROANOKE,0,0,0,1
ROCKAWALKIN,0,0,1,1
ROCKBOTTOM,0,0,0,1
ROCKDIRT,0,0,1,1
ROCKERVILLE,0,0,1,1
ROCKISLAND,0,0,1,0
ROWDEN,0,0,0,1
ROGERT,0,0,1,0
RUNCLINT,0,0,1,1
ROLPH,0,0,0,1
RUSSETT,0,0,1,1
ROMIA,1,0,0,0
ROMINELL,0,0,1,1
ROMNEY,0,0,0,1
RONAN,0,0,0,1
RONY,0,0,0,1
ROPER,0,0,0,1
ROTHIEMAY,0,0,1,0
ROTO,0,0,0,1
ROUND BUTTE,0,0,1,1
ROUNDOR,0,0,1,0
ROUNDTREE,0,0,1,1
STONEVILLE,0,0,1,1
ROWAN,0,0,1,0
ROXTON,0,0,0,1
ROY,0,0,1,0
RUDEEN,0,0,0,1
RUFUS,0,0,1,0
RUMBLECREEK,0,0,1,0
RUMFORD,0,0,0,1
RUPLE,0,0,0,1
RUTLEGE,0,0,1,1
SABANA,1,0,0,0
SAGEDALE,0,0,1,1
SALZER,0,0,1,1
SAN ARCACIO,0,0,0,1
SAN ISABEL,0,0,0,1
SANDUR,0,0,0,1
SASSER,0,0,0,1
SANPEDRO,0,0,1,0
SANPITCH,0,0,0,1
SARVANT,0,0,1,1
SLOCUM,0,0,1,1
SASSAFRAS,0,0,1,1
SATURN,0,0,0,1
SAULICH,0,0,0,1
SAUNDERS,0,0,1,1
SAVAGE,0,0,1,0
SAVER,0,0,1,0
SAWBUCK,0,0,1,1
SCAIRT,0,0,1,0
SCAPO,0,0,1,1
SCARPAL,0,0,1,1
SCATTER,0,0,0,1
SCAVE,0,0,0,1
SCHAEFERVILLE,0,0,0,1
SCHNEBLY,0,0,0,1
SCHOOLER,0,0,0,1
SCHROCK,0,0,0,1
SCHUMACHER,0,0,1,1
SCHUSTER,0,0,0,1
SCIPIO,0,0,1,0
SCOAP,0,0,1,0
SCOBEY,0,0,1,1
SCORIO,0,0,1,0
SCOUT,0,0,1,0
SCRAVO,0,0,1,0
SCUDDER,0,0,1,0
SMITHBORO,0,0,1,1
SEABOLDT,0,0,1,1
SEABROOK,0,0,1,1
SEAGATE,0,0,0,1
SEAGOVILLE,0,0,0,1
SEASTRAND,0,0,1,1
SEAVERSON,0,0,0,1
SEBUD,0,0,1,0
SECREST,0,0,1,1
SECUNDA,0,0,1,0
SEDWELL,0,0,0,1
SEEDSKADEE,0,0,1,1
SEITZ,0,0,1,0
SELWAY,0,0,1,1
SENECAVILLE,0,0,1,1
SEWELL,0,0,1,1
SHADOW,0,0,1,0
SHALCAR,0,0,1,1
SHANE,0,0,1,1
SHEETSFLAT,0,0,1,0
SHANLEY,0,0,1,0
SHANTA,0,0,0,1
SHARPTOWN,0,0,1,1
SHEDHORN,0,0,0,1
SHEEPCAN,0,0,0,1
SHEEPISLAND,0,0,1,1
SHEEPSKULL,0,0,1,1
SHENANDOAH,0,0,0,1
SHERMAP,0,0,1,0
SHEWAG,0,0,1,0
SILOAM,0,0,0,1
SHIBAH,0,0,1,0
SILVERJACK,0,0,1,0
SHINGLETOWN,0,0,0,1
SHIRED,0,0,1,0
SHOOFLIN,0,0,0,1
SHOOK,0,0,1,1
SHOTSPRINGS,0,0,0,1
SHUMWAY,0,0,0,1
SHURLEY,0,0,0,1
SICKLESTEETS,0,0,1,0
SIEBEN,0,0,1,0
SIEBERT,0,0,0,1
SIELO,1,0,0,0
SNAGPOINT,0,0,1,1
SNOWSNAKE,0,0,1,1
SIGNALHILL,0,0,1,0
SILVERCITY,0,0,1,1
SILVERKING,0,0,0,1
SINEPUXENT,0,0,0,1
SINNIGAM,0,0,1,0
SIXTEENMILE,0,0,1,0
SIRREF,0,0,0,1
SIWASH,0,0,0,1
SKAGGS,0,0,1,0
SKAMO,0,0,0,1
SKELTER,0,0,0,1
SKUNKFARM,0,0,1,0
SLAGLE,0,0,0,1
SLATEGOAT,0,0,1,1
SLEDRUNNER,0,0,1,0
SLIKOK,0,0,0,1
SLUISKIN,0,0,1,1
SMARTS,0,0,0,1
SNAKE,0,0,0,1
SNAKERIVER,0,0,1,1
SNYDERSDITCH,0,0,1,0
SOMERS,0,0,0,1
SONNETT,0,0,1,1
SONYOK,0,0,0,1
SOURDOUGH,0,0,0,1
SOUTHPOINT,0,0,0,1
SOUTHWICK,0,0,1,1
SPAA,0,0,0,1
SPARTANBURG,0,0,1,1
SPANG,0,0,1,1
SPEARS MOUNTAIN,0,0,0,1
SPARTABUTTE,0,0,1,0
SPENARD,0,0,0,1
SPESSARD,0,0,0,1
SPINEKOP,0,0,1,1
SPRAGUERIVER,0,0,1,0
SPRIGGS,0,0,1,1
SQUATTERFLAT,0,0,1,0
ST. ALBANS,0,0,0,1
ST. MARYS,0,0,0,1
STAINKY,0,0,0,1
STALEY,0,0,1,1
STARMAN,0,0,1,0
STATE,0,0,1,1
STATLER,0,0,0,1
WESTMORELAND,0,0,0,1
STEARNS,0,0,0,1
STECUM,0,0,0,1
STEMPLE,0,0,1,0
STILSON,0,0,1,1
STODA,0,0,0,1
STONEBARN,0,0,1,0
FOOLHEN,0,0,1,0
STORYHILL,0,0,1,1
STOTT KNOB,0,0,1,1
STOUGH,0,0,0,1
STOVHO,0,0,0,1
STRAIGHTSTONE,0,0,1,1
STRAWFIELD,0,0,0,1
STRYKER,0,0,1,1
STUTLER,0,0,1,1
STYLITE,0,0,0,1
SUBWELL,0,0,0,1
SUCARNOOCHEE,0,0,1,0
SUDWORTH,0,0,0,1
SUFFOLK,0,0,0,1
SULA,0,0,1,1
SUMATRA,0,0,0,1
SUMMERLAND,0,0,1,1
SUNBEAM,0,0,1,1
SUNBURST,0,0,1,1
SUNDELL,0,0,0,1
SUNKEN,0,0,1,1
SUNTRANA,0,0,0,1
SURRENCY,0,0,1,1
SUSIVAR,0,0,0,1
SWAINTON,0,0,1,1
SWAKANE,0,0,1,1
SWALA,0,0,1,1
SWAMPCREEK,0,0,1,0
SWEATLODGE,0,0,0,1
SWEDESBORO,0,0,1,1
SWEETGRASS,0,0,0,1
SWEETWEED,0,0,1,1
SWIFTCREEK,0,0,1,0
SWIFTCURRENT,0,0,1,1
VANSTEL,0,0,1,1
SWINGSTATION,0,0,1,0
TAFOYA,0,0,1,1
TAGLAKE,0,0,0,1
TALAPUS,0,0,1,1
TALLY,0,0,1,1
TAMANEEN,0,0,1,1
TAMANOS,0,0,0,1
TANGAIR,0,0,0,1
TANGIER,0,0,1,1
TANNA,0,0,1,1
TARBORO,0,0,1,1
TARGHEE,0,0,1,0
TARRETE,0,0,0,1
TATOOSH,0,0,0,1
TAWCAW,0,0,0,1
TAYLORSVILLE,0,0,0,1
TEAKETTLE,0,0,1,0
TEIGEN,0,0,1,1
TENERIFFE,0,0,1,0
TENT,0,0,1,1
TERLAK,0,0,0,1
TINTON,0,0,0,1
TERLOUGH,0,0,0,1
TERRAD,0,0,0,1
TERTOO,0,0,0,1
TETON,0,0,1,1
TETONVIEW,0,0,1,0
TETOTUM,0,0,1,1
TEWFEL,0,0,1,1
TEXLINE,0,0,0,1
THADER,0,0,0,1
THATUNA,0,0,1,1
THERMOPOLIS,0,0,1,0
THIBADEAU,0,0,1,1
THIRSTYGULCH,0,0,1,0
THIRTYNINE,0,0,1,0
THOENY,0,0,1,1
THOMSON,0,0,1,1
THOROUGHFARE,0,0,0,1
THREECABIN,0,0,1,0
THREERIV,0,0,1,0
THUNDERHEAD,0,0,1,0
THURSA,0,0,1,1
TIBAN,0,0,1,0
TIBS,0,0,0,1
TIBURONES,0,0,0,1
TIDBITS,0,0,0,1
TIGERON,0,0,1,1
TIECHUTE,0,0,1,0
TIGARAHA,0,0,0,1
TIGER CREEK,0,0,0,1
TILFORD,0,0,0,1
TILLERY,0,0,1,1
TILSIT,0,0,1,1
TIMBERLIN,0,0,0,1
TINSLEY,0,0,1,0
TIPPETT,0,0,0,1
TIPSOO,0,0,1,1
TIRZAH,0,0,1,0
TIZZARD,0,0,0,1
TOAST,0,0,1,1
TOKALOO,0,0,0,1
TOKOSITNA,0,0,0,1
TOLEAK,0,0,0,1
WOODMANSIE,0,0,1,1
TOLLFLAT,0,0,1,1
WOOLWINE,0,0,1,1
WOVER,0,0,0,1
TOMLIN,0,0,0,1
TOMOTLEY,0,0,1,1
TONCANA,0,0,0,1
XERIBRUSH,0,0,1,0
TOONE,0,0,0,1
TOOTALL,0,0,1,0
TOPHAT,0,0,1,0
TOQUOP,0,0,0,1
TORCHLIGHT,0,0,0,1
TORPEDO LAKE,0,0,0,1
TORPY,0,0,1,0
TORSIDO,0,0,0,1
TRAILHOLLOW,0,0,1,0
TRANSQUAKING,0,0,1,1
TRAPPE,0,0,1,1
TRAPPER,0,0,1,1
TUNRAVIK,0,0,1,1
TRIANGLE,0,0,0,1
TRICART,0,0,1,1
TRIMAD,0,0,1,0
TURPENTINE,0,0,0,1
TROOK,0,0,1,0
TRUITT,0,0,1,1
UNGIUQ,0,0,0,1
TRUSSUM,0,0,0,1
TSADAKA,0,0,0,1
TUFFIT,0,0,1,1
TUGGLE,0,0,1,1
TUGGLESGAP,0,0,0,1
TULEBASIN,0,0,0,1
TUMBLE,0,0,1,1
TUNITAS,0,0,0,1
TURSON,0,0,1,0
TURTLESPRINGS,0,0,1,0
TUSKAHOMA,1,0,1,1
TUSSAHAW,0,0,0,1
TWOCOLOR,0,0,0,1
TWOGIRLS,0,0,1,1
UFISH,0,0,0,1
UHLIG,0,0,1,1
ULRIC,0,0,1,0
UNICOI,0,0,1,1
UNICORNPEAK,0,0,0,1
UPPERSODA,0,0,0,1
UPSHUR,0,0,1,1
USTIUGOF,0,0,0,1
UTABA,0,0,0,1
UTLEY,0,0,1,1
VAEDA,0,0,0,1
VALPEY,0,0,0,1
VAN HORN,0,0,0,1
VANDA,0,0,1,1
VANDALIA,0,0,1,1
VANELLA,0,0,1,1
VANOCKER,0,0,1,0
VANTRUMP,0,0,1,1
VARINA,0,0,1,1
VARNEY,0,0,1,0
VASSETT,0,0,1,1
VAUCLUSE,0,0,0,1
VELOW,1,0,1,1
VENDOME,0,0,0,1
VERDE,0,0,0,1
VERSHAL,0,0,1,0
VEYO,0,0,0,1
VIA,0,0,0,1
VILLARD,0,0,1,0
VILLSPRINGS,0,0,1,0
VILLY,0,0,1,1
VINCOM,0,0,0,1
VITROFF,0,0,1,0
VOATS,0,0,1,1
VOLBORG,0,0,1,1
WAGONWHEEL,0,0,1,1
WAGRAM,0,0,1,1
WAHEE,0,0,1,1
WAHPENAYO,0,0,1,1
WALBERT,0,0,0,1
WALDBILLIG,0,0,1,0
WALSTEAD,0,0,1,1
WALTHAM,0,0,1,1
WANDO,0,0,1,1
WARFIELD,0,0,1,0
WARHORSE,0,0,0,1
WARWOOD,0,0,1,1
WASDA,0,0,0,1
WASILLA,0,0,0,1
WATE,0,0,1,1
WATSONDRAW,0,0,1,0
WEARYRIVER,0,0,1,1
WEEDMARK,0,0,1,1
WEEKSVILLE,0,0,0,1
WEINGART,0,0,1,1
WELBY,0,0,0,1
WESTFIELD,0,0,1,1
WHARTON,0,0,1,1
WHISTLESTOP,0,0,0,1
WHEATBELT,0,0,0,1
WHEELING,0,0,1,1
WHITEACORN,0,0,1,0
WHITEARTH,0,0,1,1
WHITEFISH,0,0,0,1
WHITEMARSH,0,0,1,1
WHITEWATER,0,0,1,0
WHITLASH,0,0,1,0
WHITNEY,0,0,1,0
WHITTINGTON,0,0,1,1
WIDEN,0,0,1,1
WIDEWATER,0,0,1,1
WIDGETT,0,0,0,1
WILDELL,0,0,1,1
WILDGEN,0,0,1,0
WILEYFLAT,0,0,1,0
WILHELM,0,0,1,0
WILLAPA,0,0,1,1
WILLIWAKAS,0,0,1,1
WILLOW,0,0,1,1
WINDLASS,0,0,0,1
WINFALL,0,0,1,0
WINGINAW,0,0,0,1
WINIFRED,0,0,1,1
WINKLER,0,0,1,0
WINSPECT,0,0,1,0
WINTERCANYON,0,0,1,0
WINWELL,0,0,1,0
WISBY,0,0,1,0
WIST,0,0,0,1
WOLFTRAP,0,0,0,1
WONDER,0,0,1,0
WONDERLAND,0,0,1,1
WOODGULCH,0,0,0,1
WOODHURST,0,0,1,0
WOODPASS,0,0,0,1
WOODSTOWN,0,0,1,1
WORK,0,0,1,0
WOROCK,0,0,1,0
YADKIN,0,0,0,1
YAMACALL,0,0,1,0
YARDLEY,0,0,0,1
YEGEN,0,0,0,1
YELJACK,0,0,0,1
YELLOWBAY,0,0,1,1
YELLOWMULE,0,0,1,0
YENSUS,0,0,0,1
YEOMAN,0,0,0,1
YEOPIM,0,0,1,1
YETULL,0,0,1,0
YNOT,0,0,1,1
YOHN,0,0,0,1
YOLO,0,0,0,1
YORK,0,0,0,1
YOURAME,0,0,1,1
YREKA,0,0,1,0
YSIDORA,0,0,0,1
ZADE,0,0,0,1
ZANESVILLE,0,0,0,1
ZANGO,0,0,1,1
ZATONY,0,0,1,1
ZATOVILLE,0,0,1,1
ZEESIX,0,0,0,1
ZEKIAH,0,0,0,1
ZELDA,0,0,0,1
ZION,0,0,1,1
ZUBER,0,0,0,1
ZYGORE,0,0,1,1
ZYZYL,0,0,0,1
ABSAY,0,0,1,0
ADEL,0,0,1,0
ALBICALIS,0,0,0,1
ALONA,0,0,0,1
AMESHA,0,0,1,0
ANNIESDRAW,0,0,1,0
AQUATNA,0,0,0,1
ARCTANDER,0,0,0,1
ASHBON,0,0,0,1
ASHBRAY,0,0,0,1
ATOMIC,0,1,0,0
AUGGIE,0,0,0,1
BACKROAD,0,0,0,1
BACOBI,0,1,0,0
BAGGS,0,0,0,1
BAIRSPRING,0,0,1,0
BARBOUR,0,1,0,0
BARZEE,0,0,0,1
BASHER,0,1,0,0
BASINCREEK,0,0,0,1
BATA,0,0,0,1
BEALAND,0,1,0,0
BEANLAKE,0,0,0,1
BEAR CREEK,0,0,1,0
BEARTOOTH,0,0,0,1
BEAVERDUMP,0,0,0,1
BEAVERTON,0,0,0,1
BECKLEY,0,1,0,0
BEEFTRAIL,0,0,0,1
BEESKOVE,0,0,0,1
BEMISHAVE,0,0,0,1
BERRAY,0,0,0,1
BIGBEAVER,0,0,0,1
BIGCOULEE,0,1,0,0
BIGNELL,0,0,1,0
BIGRANT,0,1,0,0
BIRNEY,0,0,0,1
BITTON,0,0,0,1
BLACKCREEK,0,0,0,1
BLANDING,0,1,0,0
BOHNLY,0,0,0,1
BOLACK,0,0,0,1
BONAPARTE,0,1,0,0
BONDOE,0,0,0,1
BONNASH,0,0,0,1
BORKY,0,0,0,1
BOYSAG,0,1,0,0
BREITENBACH,0,1,0,0
BUIST,0,1,0,0
BULLHOOK,0,0,0,1
BUNTING,0,1,0,0
BURNETTE,0,0,1,0
BUSBY,0,0,0,1
CABBA,0,0,0,1
CANARWAY,0,0,1,0
CARDWELL,0,0,0,1
CARETT,0,0,0,1
CAVAL,0,1,0,0
CEDRIC,0,0,0,1
CHEADLE,0,0,1,0
CLANCY,0,0,0,1
CLASOIL,0,0,1,0
COMAD,0,0,1,0
COMETCRIK,0,0,0,1
CONN,0,0,1,0
COOKSON,0,1,0,0
COURVASH,0,0,0,1
COWCOULEE,0,1,0,0
DAST,0,0,0,1
DENVACA,0,1,0,0
DES MOINES,0,1,0,0
DESIOUX,0,1,0,0
DEUCE,0,1,0,0
DEVILFENCE,0,0,0,1
DEVILLE,0,0,0,1
DEWBERRY,0,0,1,1
DILLON,0,0,1,0
DISTERHEFF,0,1,0,0
DONEY,0,0,0,1
DREDGE,0,1,0,0
DRYWOLF,0,1,0,0
DUCKBOTTOM,0,1,1,1
EAGAR,0,1,0,0
EL PECO,0,0,0,1
ELFLINT,0,0,0,1
ELKROCK,0,0,0,1
ELMARK,0,0,0,1
ELMENWOOD,0,1,0,0
ELVE,0,0,1,0
ETTIENRIDGE,0,1,0,0
FAIRWAY,0,0,1,0
FAITH,0,0,0,1
FANDOW,0,1,0,0
FERBALL,0,0,1,0
FERGUS,0,0,0,1
FERNLINE,0,0,0,1
FESSLER,0,0,0,1
FINN,0,0,1,0
FIRETOWER,0,0,0,1
FLASKAN,0,1,0,0
FLEECER,0,0,0,1
FORTBENTON,0,0,0,1
FOXGULCH,0,0,0,1
FRANCONI,0,0,0,1
GARDENCREEK,0,0,0,1
GLACIERCREEK,0,0,0,1
GOLDFLINT,0,0,0,1
GOOSEBURY,0,1,0,0
GRITER,0,1,0,0
HAGGARD,0,0,0,1
HALCOTT,0,1,0,0
HANDKE,0,0,0,1
HAUZ,0,0,0,1
HAVRE,0,0,0,1
HAXBY,0,0,1,0
HIGHWOOD,0,1,1,0
HILMAR,0,0,0,1
HISNA,0,0,0,1
HOGAN,0,0,0,1
HOHMANN,0,0,0,1
HORNITOS,0,0,0,1
HOWCAN,0,1,0,0
HUFMAN,0,0,0,1
HUSE,0,0,0,1
HUTCHLEY,0,1,0,0
IBEX,0,0,0,1
IFFGULCH,0,0,0,1
IKE,0,1,0,0
INEL,0,1,0,0
JANKOSH,0,0,0,1
JIMBEE,0,1,0,0
JONDA,0,1,0,0
JONESCREEK,0,1,1,0
JOPLIN,0,0,0,1
JORAIBI,0,1,0,0
JULIUS,0,0,0,1
KADYGULCH,0,0,0,1
KALSTED,0,0,1,0
KELLYGULCH,0,0,1,0
KEVIN,0,0,0,1
KLASI,0,0,0,1
KLUG,0,1,0,0
KOBARTER,0,0,0,1
KOKORUDA,0,0,0,1
KOUNTER,0,0,0,1
KRAUSE,0,0,0,1
KREMLIN,0,0,0,1
KRUTAR,0,0,0,1
KURO,0,0,0,1
KUSLINAD,0,0,0,1
LESIER,0,0,1,0
LAMEDEER,0,0,0,1
LARCHPOINT,0,0,0,1
LARDELL,0,0,0,1
LEAHY,0,1,0,0
LEANTO,0,1,0,0
LEAVITT,0,0,1,0
LEDGER,0,0,0,1
LIONWOOD,0,0,0,1
LOMAKI,0,1,0,0
LONEMAN,0,0,0,1
MACIVER,0,0,1,0
LOWDER,0,0,0,1
LULUDE,0,0,1,0
LUMPGULCH,0,0,1,0
MANKOMEN,0,0,0,1
LYNCHLAKE,0,0,1,0
MACAR,0,0,0,1
MACMEAL,0,0,0,1
MADBEAVER,0,0,1,0
MADRID,0,1,0,0
MAPLECREST,0,1,0,0
MARIA,0,0,0,1
MARJANE,0,1,0,0
MATHESON,0,1,0,0
MCCABE,0,0,0,1
MCCALEB,0,1,0,0
MCDONALD,0,0,0,1
MEAVER,0,0,1,0
MCKENTON,0,0,1,0
MCMANUS,0,0,0,1
MEDICINE,0,1,0,0
MENAN,0,1,0,0
MEXICO,0,1,0,0
MERIWHITICA,0,1,0,0
MIKESELL,0,0,1,0
MINESTOPE,0,0,0,1
MITTEN,0,0,0,1
MOCMONT,0,0,0,1
MODESS,0,0,0,1
MOIESE,0,0,1,1
MOLLMAN,0,0,0,1
MOLTONER,0,0,0,1
MONABERG,0,0,1,0
MOOSEFLAT,0,0,1,0
MOOSEJAW,0,0,0,1
MURRSTEAD,0,0,0,1
MUSSIGBROD,0,0,1,1
NALAKI,0,1,0,0
NAMON,0,1,0,0
NARGON,0,1,0,0
NEEN,0,0,1,0
NESTLEY,0,0,0,1
NIEMAN,0,0,1,0
NOXLIN,0,0,0,1
NUTRIOSO,0,1,0,0
NYTHAR,0,0,0,1
OLDTRAIL,0,0,0,1
OPITZ,0,0,0,1
PACKMO,0,1,0,0
PAINT,0,1,0,0
PASSMORE,0,0,0,1
PANCHERI,0,1,0,0
PAPPASCREEK,0,0,0,1
PASTERN,0,1,0,0
PEERS,0,1,0,0
PIANOHILL,0,0,1,0
PIERIVER,0,0,0,1
PINGREE,0,1,0,0
PITCHSTONE,0,0,0,1
PIUTE,0,1,0,0
PLAZA,0,0,1,1
PLIMPTON,0,0,1,0
POHLOD,0,1,1,0
POLACCA,0,1,0,0
POLEY,0,1,0,0
POVERTY,0,0,1,0
PROGRESSO,0,1,0,0
PUTNEY,0,0,0,1
QUAGWA,0,1,0,0
QUIVERA,0,1,0,0
RAGHORN,0,0,0,1
RATIOPEAK,0,0,1,0
REDFERN,0,0,0,1
REDLOCK,0,0,0,1
RELEEP,0,0,0,1
REPKIE,0,0,1,0
RIDGE,0,0,0,1
RIVRA,0,0,0,1
ROEGULCH,0,0,1,0
ROCHESTER,0,0,1,0
ROCKERJOHN,0,0,0,1
ROOTEL,0,0,0,1
RUNE,0,1,0,0
SANCRANE,0,1,0,0
SANSDESSEIN,0,1,0,0
SAPPHIRE,0,0,0,1
SARBO,0,0,0,1
SAWICKI,0,0,1,0
SCALPLOCK,0,0,1,0
SCOTMONT,0,0,0,1
SELOW,0,0,0,1
SHABOOM,0,0,0,1
SIBBETT,0,0,0,1
SIEBERELL,0,0,1,1
SILVERCHIEF,0,0,0,1
SIXBEACON,0,0,0,1
SKYVIEW,0,0,0,1
SLIDE,0,1,0,0
SOELBERG,0,1,0,0
SPARMO,0,1,0,0
STARGULCH,0,0,1,1
STUBBLEFIELD,0,1,0,0
SURDAL,0,0,1,0
SWEDNA,0,0,0,1
SWILLNA,0,0,0,1
WHITORE,0,0,1,0
TAMARACK,0,0,1,0
TANGOE,0,0,0,1
TECHICKNOT,0,1,0,0
TELAY,0,0,0,1
TELSTAD,0,0,0,1
TENDERFOOT,0,1,0,0
TEPECREEK,0,0,0,1
TERRODD,0,1,0,1
THAINCREEK,0,1,1,0
TOKO,0,0,0,1
TOLEX,0,0,0,1
TOSTON,0,0,0,1
TRAPPS,0,0,0,1
TRELOAR,0,1,0,0
TRUDAU,0,0,1,0
TUSCOLA,0,1,0,0
TUWEEP,0,1,0,0
TWINADAMS,0,0,1,0
TYENDE,0,1,0,0
UDECIDE,0,0,0,1
VERSON,0,0,0,1
VIDA,0,0,0,1
VISION,0,0,0,1
WARNE,0,0,1,1
WEEDZUNIT,0,0,0,1
WETPARK,0,1,0,0
WHITE STORE,0,1,0,0
WHITEPINE,0,0,0,1
WICKES,0,0,1,0
WILDE,0,0,0,1
WILSALL,0,1,0,0
WILSPRING,0,0,0,1
WIMPER,0,0,1,0
WINONA,0,1,0,0
WINSHIP,0,0,0,1
YAPLE,0,0,1,0
YMARK,0,0,0,1
ZAHILL,0,0,0,1
ZBART,0,0,0,1
ZEALE,0,1,0,0
ZER,0,1,0,0
ZONITE,0,0,0,1
